timestamp,cpu_util_pct,ram_used_mb,ram_total_mb,ram_avail_mb,ram_used_pct,disk_r_s,disk_w_s,disk_rkB_s,disk_wkB_s,disk_r_await_ms,disk_w_await_ms,disk_util_pct,gpu_mem_used_mb,gpu_mem_total_mb,gpu_mem_free_mb,gpu_util_pct,dcgmi_power_w,dcgmi_gpu_util_pct,dcgmi_mem_copy_util_pct,dcgmi_gr_active,dcgmi_sm_active,dcgmi_pcie_tx_bytes,dcgmi_pcie_rx_bytes
2026-08-31T02:51:11,0.3,3456,1547349,1532751,0.2,0.00,0.00,0.00,0.00,0.00,0.00,0.00,1.0,95830.0,95350.0,0.0,63.4,0.0,0.0,0.000,0.000,0.0,0.0
2026-08-31T02:51:14,0.3,3467,1547349,1532741,0.2,0.00,0.00,0.00,0.00,0.00,0.00,0.00,1.0,95830.0,95350.0,0.0,63.4,0.0,0.0,0.000,0.000,0.0,0.0
2026-08-31T02:51:17,0.2,3468,1547349,1532740,0.2,0.00,0.00,0.00,0.00,0.00,0.00,0.00,1.0,95830.0,95350.0,0.0,63.4,0.0,0.0,0.000,0.000,600831.0,10771.0
2026-08-31T02:51:19,0.2,3471,1547349,1532736,0.2,0.00,0.00,0.00,0.00,0.00,0.00,0.00,1.0,95830.0,95350.0,0.0,63.4,0.0,0.0,0.000,0.000,633728.0,41442.0
2026-08-31T02:51:22,0.2,3473,1547349,1532735,0.2,0.00,0.00,0.00,0.00,0.00,0.00,0.00,1.0,95830.0,95350.0,0.0,63.4,0.0,0.0,0.000,0.000,636696.0,42685.0
2026-08-31T02:51:25,0.2,3475,1547349,1532733,0.2,0.00,0.00,0.00,0.00,0.00,0.00,0.00,1.0,95830.0,95350.0,0.0,63.4,0.0,0.0,0.000,0.000,634467.0,40914.0
2026-08-31T02:51:27,0.2,3476,1547349,1532731,0.2,0.00,0.00,1.00,0.00,0.00,0.00,0.00,1.0,95830.0,95350.0,0.0,63.4,0.0,0.0,0.000,0.000,648099.0,54641.0
2026-08-31T02:51:30,0.2,3477,1547349,1532730,0.2,0.00,0.00,0.00,0.00,0.00,0.00,0.00,1.0,95830.0,95350.0,0.0,63.4,0.0,0.0,0.000,0.000,634681.0,41250.0
2026-08-31T02:51:33,0.2,3478,1547349,1532729,0.2,0.00,0.00,0.00,0.00,0.00,0.00,0.00,1.0,95830.0,95350.0,0.0,63.4,0.0,0.0,0.000,0.000,633645.0,40748.0
2026-08-31T02:51:36,0.2,3480,1547349,1532728,0.2,0.00,0.00,0.00,0.00,0.00,0.00,0.00,1.0,95830.0,95350.0,0.0,63.4,0.0,0.0,0.000,0.000,633477.0,39823.0
2026-08-31T02:51:39,0.2,3480,1547349,1532727,0.2,0.00,0.00,0.00,0.00,0.00,0.00,0.00,1.0,95830.0,95350.0,0.0,63.4,0.0,0.0,0.000,0.000,632248.0,39124.0
2026-08-31T02:51:42,0.2,3481,1547349,1532726,0.2,0.00,0.00,0.00,0.00,0.00,0.00,0.00,1.0,95830.0,95350.0,0.0,63.4,0.0,0.0,0.000,0.000,632712.0,39637.0
2026-08-31T02:51:44,0.2,3482,1547349,1532725,0.2,0.00,0.00,0.00,0.00,0.00,0.00,0.00,1.0,95830.0,95350.0,0.0,63.4,0.0,0.0,0.000,0.000,633107.0,39638.0
2026-08-31T02:51:47,0.2,3483,1547349,1532724,0.2,0.00,0.00,0.00,0.00,0.00,0.00,0.00,1.0,95830.0,95350.0,0.0,63.4,0.0,0.0,0.000,0.000,633156.0,39965.0
2026-08-31T02:51:50,0.2,3484,1547349,1532723,0.2,0.00,0.00,0.00,0.00,0.00,0.00,0.00,1.0,95830.0,95350.0,0.0,63.4,0.0,0.0,0.000,0.000,631460.0,38449.0
2026-08-31T02:51:53,0.2,3485,1547349,1532722,0.2,0.00,0.00,0.00,0.00,0.00,0.00,0.00,1.0,95830.0,95350.0,0.0,63.4,0.0,0.0,0.000,0.000,631715.0,38380.0
2026-08-31T02:51:56,0.2,3486,1547349,1532721,0.2,0.00,0.00,0.00,0.00,0.00,0.00,0.00,1.0,95830.0,95350.0,0.0,63.5,0.0,0.0,0.000,0.000,628761.0,38018.0
2026-08-31T02:51:59,0.3,3492,1547349,1532715,0.2,0.00,0.00,0.00,0.00,0.00,0.00,0.00,1.0,95830.0,95350.0,0.0,63.4,0.0,0.0,0.000,0.000,631347.0,38378.0
2026-08-31T02:52:02,0.2,3492,1547349,1532716,0.2,0.00,0.00,0.00,0.00,0.00,0.00,0.00,1.0,95830.0,95350.0,0.0,63.5,0.0,0.0,0.000,0.000,630223.0,37140.0
2026-08-31T02:52:06,0.2,3492,1547349,1532715,0.2,0.00,0.00,8.00,20.00,0.00,0.00,0.00,1.0,95830.0,95350.0,0.0,63.4,0.0,0.0,0.000,0.000,629912.0,39240.0
2026-08-31T02:52:08,0.2,3488,1547349,1532719,0.2,0.00,0.00,0.00,0.00,0.00,0.00,0.00,1.0,95830.0,95350.0,0.0,63.4,0.0,0.0,0.000,0.000,629343.0,36143.0
2026-08-31T02:52:12,0.2,3488,1547349,1532720,0.2,0.00,0.00,0.00,0.00,0.00,0.00,0.00,1.0,95830.0,95350.0,0.0,63.4,0.0,0.0,0.000,0.000,631358.0,38033.0
2026-08-31T02:52:15,0.2,3489,1547349,1532718,0.2,0.00,0.00,0.00,0.00,0.00,0.00,0.00,1.0,95830.0,95350.0,0.0,63.4,0.0,0.0,0.000,0.000,630642.0,40359.0
2026-08-31T02:52:17,0.2,3489,1547349,1532718,0.2,0.00,0.00,0.00,0.00,0.00,0.00,0.00,1.0,95830.0,95350.0,0.0,63.4,0.0,0.0,0.000,0.000,625968.0,32991.0
2026-08-31T02:52:21,0.2,3491,1547349,1532716,0.2,0.00,0.00,2.00,0.00,0.00,0.00,0.00,1.0,95830.0,95350.0,0.0,63.4,0.0,0.0,0.000,0.000,639220.0,48417.0
2026-08-31T02:52:24,0.2,3492,1547349,1532715,0.2,0.00,0.00,0.00,0.00,0.00,0.00,0.00,1.0,95830.0,95350.0,0.0,63.4,0.0,0.0,0.000,0.000,631146.0,38031.0
2026-08-31T02:52:27,0.2,3491,1547349,1532716,0.2,0.00,0.00,2.00,0.00,0.00,0.00,0.00,1.0,95830.0,95350.0,0.0,63.4,0.0,0.0,0.000,0.000,623277.0,32367.0
2026-08-31T02:52:31,0.3,3491,1547349,1532716,0.2,0.00,0.00,0.00,0.00,0.00,0.00,0.00,1.0,95830.0,95350.0,0.0,63.4,0.0,0.0,0.000,0.000,630998.0,38032.0
2026-08-31T02:52:34,0.2,3493,1547349,1532715,0.2,0.00,0.00,0.00,0.00,0.00,0.00,0.00,1.0,95830.0,95350.0,0.0,63.4,0.0,0.0,0.000,0.000,631523.0,38206.0
2026-08-31T02:52:37,0.1,3492,1547349,1532715,0.2,0.00,0.00,0.00,0.00,0.00,0.00,0.00,1.0,95830.0,95350.0,0.0,63.4,0.0,0.0,0.000,0.000,627848.0,37147.0
2026-08-31T02:52:40,0.2,3493,1547349,1532714,0.2,0.00,0.00,0.00,0.00,0.00,0.00,0.00,1.0,95830.0,95350.0,0.0,63.4,0.0,0.0,0.000,0.000,630202.0,36972.0
2026-08-31T02:52:43,0.2,3493,1547349,1532714,0.2,0.00,0.00,0.00,0.00,0.00,0.00,0.00,1.0,95830.0,95350.0,0.0,63.4,0.0,0.0,0.000,0.000,629971.0,36968.0
2026-08-31T02:52:47,0.2,3493,1547349,1532714,0.2,0.00,0.00,0.00,0.00,0.00,0.00,0.00,1.0,95830.0,95350.0,0.0,63.4,0.0,0.0,0.000,0.000,627841.0,37314.0
2026-08-31T02:52:50,0.2,3495,1547349,1532713,0.2,0.00,0.00,2.00,0.00,0.00,0.00,0.00,1.0,95830.0,95350.0,0.0,63.4,0.0,0.0,0.000,0.000,656888.0,63695.0
2026-08-31T02:52:53,0.2,3495,1547349,1532712,0.2,0.00,0.00,0.00,0.00,0.00,0.00,0.00,1.0,95830.0,95350.0,0.0,63.4,0.0,0.0,0.000,0.000,626135.0,35524.0
2026-08-31T02:52:56,0.2,3496,1547349,1532711,0.2,0.00,0.00,0.00,0.00,0.00,0.00,0.00,1.0,95830.0,95350.0,0.0,63.4,0.0,0.0,0.000,0.000,630538.0,37306.0
2026-08-31T02:52:59,0.3,3501,1547349,1532707,0.2,0.00,0.00,0.00,0.00,0.00,0.00,0.00,1.0,95830.0,95350.0,0.0,63.4,0.0,0.0,0.000,0.000,629491.0,36466.0
2026-08-31T02:53:03,0.2,3501,1547349,1532707,0.2,0.00,0.00,0.00,0.00,0.00,0.00,0.00,1.0,95830.0,95350.0,0.0,63.4,0.0,0.0,0.000,0.000,642701.0,52119.0
2026-08-31T02:53:06,0.2,3500,1547349,1532707,0.2,0.00,0.00,0.00,0.00,0.00,0.00,0.00,1.0,95830.0,95350.0,0.0,63.4,0.0,0.0,0.000,0.000,630298.0,37135.0
2026-08-31T02:53:09,0.1,3500,1547349,1532707,0.2,0.00,0.00,0.00,0.00,0.00,0.00,0.00,1.0,95830.0,95350.0,0.0,63.4,0.0,0.0,0.000,0.000,629548.0,38905.0
2026-08-31T02:53:12,0.2,3501,1547349,1532706,0.2,0.00,0.00,0.00,0.00,0.00,0.00,0.00,1.0,95830.0,95350.0,0.0,63.4,0.0,0.0,0.000,0.000,642161.0,48527.0
2026-08-31T02:53:15,0.2,3501,1547349,1532706,0.2,0.00,0.00,0.00,0.00,0.00,0.00,0.00,1.0,95830.0,95350.0,0.0,63.4,0.0,0.0,0.000,0.000,657058.0,63667.0
2026-08-31T02:53:18,0.2,3502,1547349,1532705,0.2,0.00,0.00,0.00,0.00,0.00,0.00,0.00,1.0,95830.0,95350.0,0.0,63.4,0.0,0.0,0.000,0.000,629654.0,39164.0
2026-08-31T02:53:21,0.2,3503,1547349,1532705,0.2,0.00,0.00,0.00,0.00,0.00,0.00,0.00,1.0,95830.0,95350.0,0.0,63.4,0.0,0.0,0.000,0.000,632539.0,38986.0
2026-08-31T02:53:24,0.2,3502,1547349,1532705,0.2,0.00,0.00,0.00,0.00,0.00,0.00,0.00,1.0,95830.0,95350.0,0.0,63.4,0.0,0.0,0.000,0.000,631730.0,38622.0
2026-08-31T02:53:27,0.2,3502,1547349,1532705,0.2,0.00,0.00,0.00,0.00,0.00,0.00,0.00,1.0,95830.0,95350.0,0.0,63.4,0.0,0.0,0.000,0.000,627857.0,37175.0
2026-08-31T02:53:30,0.2,3502,1547349,1532705,0.2,0.00,0.00,0.00,0.00,0.00,0.00,0.00,1.0,95830.0,95350.0,0.0,63.4,0.0,0.0,0.000,0.000,631363.0,38206.0
2026-08-31T02:53:33,0.2,3502,1547349,1532705,0.2,0.00,0.00,0.00,0.00,0.00,0.00,0.00,1.0,95830.0,95350.0,0.0,63.4,0.0,0.0,0.000,0.000,628081.0,37308.0
2026-08-31T02:53:36,0.1,3503,1547349,1532705,0.2,0.00,0.00,1.00,50.00,0.00,0.00,0.00,1.0,95830.0,95350.0,0.0,63.4,0.0,0.0,0.000,0.000,630651.0,37341.0
2026-08-31T02:53:39,0.2,3502,1547349,1532705,0.2,0.00,0.00,0.00,0.00,0.00,0.00,0.00,1.0,95830.0,95350.0,0.0,63.4,0.0,0.0,0.000,0.000,630402.0,37476.0
2026-08-31T02:53:42,0.1,3502,1547349,1532705,0.2,0.00,0.00,3.00,0.00,0.00,0.00,0.00,1.0,95830.0,95350.0,0.0,63.4,0.0,0.0,0.000,0.000,627958.0,37301.0
2026-08-31T02:53:45,0.2,3502,1547349,1532705,0.2,0.00,0.00,0.00,0.00,0.00,0.00,0.00,1.0,95830.0,95350.0,0.0,63.4,0.0,0.0,0.000,0.000,629734.0,36639.0
2026-08-31T02:53:48,0.2,3501,1547349,1532706,0.2,0.00,0.00,2.00,0.00,0.00,0.00,0.00,1.0,95830.0,95350.0,0.0,63.4,0.0,0.0,0.000,0.000,643539.0,52476.0
2026-08-31T02:53:52,0.2,3501,1547349,1532707,0.2,0.00,0.00,0.00,0.00,0.00,0.00,0.00,1.0,95830.0,95350.0,0.0,63.4,0.0,0.0,0.000,0.000,629699.0,36804.0
2026-08-31T02:53:55,0.2,3501,1547349,1532706,0.2,0.00,0.00,0.00,0.00,0.00,0.00,0.00,1.0,95830.0,95350.0,0.0,63.4,0.0,0.0,0.000,0.000,628504.0,35519.0
2026-08-31T02:53:58,0.1,3500,1547349,1532707,0.2,0.00,0.00,0.00,0.00,0.00,0.00,0.00,1.0,95830.0,95350.0,0.0,63.4,0.0,0.0,0.000,0.000,626567.0,35844.0
2026-08-31T02:54:01,0.2,3507,1547349,1532701,0.2,0.00,0.00,0.00,0.00,0.00,0.00,0.00,1.0,95830.0,95350.0,0.0,63.4,0.0,0.0,0.000,0.000,630387.0,37140.0
2026-08-31T02:54:04,0.2,3508,1547349,1532699,0.2,0.00,0.00,7.00,22.22,0.00,0.00,0.00,1.0,95830.0,95350.0,0.0,63.4,0.0,0.0,0.000,0.000,627260.0,36631.0
2026-08-31T02:54:08,0.2,3507,1547349,1532701,0.2,0.00,0.00,0.00,0.00,0.00,0.00,0.00,1.0,95830.0,95350.0,0.0,63.4,0.0,0.0,0.000,0.000,628004.0,35203.0
2026-08-31T02:54:11,0.2,3502,1547349,1532706,0.2,0.00,0.00,3.00,0.00,0.00,0.00,0.00,1.0,95830.0,95350.0,0.0,63.4,0.0,0.0,0.000,0.000,642152.0,48214.0
2026-08-31T02:54:14,0.2,3501,1547349,1532706,0.2,0.00,0.00,0.00,0.00,0.00,0.00,0.00,1.0,95830.0,95350.0,0.0,63.4,0.0,0.0,0.000,0.000,634490.0,44156.0
2026-08-31T02:54:16,0.2,3502,1547349,1532706,0.2,0.00,0.00,3.00,25.00,0.00,0.00,0.00,1.0,95830.0,95350.0,0.0,63.4,0.0,0.0,0.000,0.000,636309.0,42487.0
2026-08-31T02:54:19,0.2,3502,1547349,1532705,0.2,0.00,0.00,0.00,0.00,0.00,0.00,0.00,1.0,95830.0,95350.0,0.0,63.4,0.0,0.0,0.000,0.000,634668.0,41299.0
2026-08-31T02:54:21,0.2,3502,1547349,1532706,0.2,0.00,0.00,1.00,50.00,0.00,0.00,0.00,1.0,95830.0,95350.0,0.0,63.4,0.0,0.0,0.000,0.000,633191.0,42662.0
2026-08-31T02:54:24,0.2,3501,1547349,1532706,0.2,0.00,0.00,0.00,0.00,0.00,0.00,0.00,1.0,95830.0,95350.0,0.0,63.4,0.0,0.0,0.000,0.000,639733.0,46303.0
2026-08-31T02:54:27,0.2,3501,1547349,1532707,0.2,0.00,0.00,2.00,0.00,0.00,0.00,0.00,1.0,95830.0,95350.0,0.0,63.4,0.0,0.0,0.000,0.000,634615.0,41283.0
2026-08-31T02:54:30,0.2,3501,1547349,1532706,0.2,0.00,0.00,0.00,0.00,0.00,0.00,0.00,1.0,95830.0,95350.0,0.0,63.4,0.0,0.0,0.000,0.000,630946.0,40194.0
2026-08-31T02:54:32,0.2,3501,1547349,1532707,0.2,0.00,0.00,2.00,0.00,0.00,0.00,0.00,1.0,95830.0,95350.0,0.0,63.4,0.0,0.0,0.000,0.000,632724.0,39267.0
2026-08-31T02:54:35,0.2,3501,1547349,1532706,0.2,0.00,0.00,0.00,0.00,0.00,0.00,0.00,1.0,95830.0,95350.0,0.0,63.4,0.0,0.0,0.000,0.000,633846.0,40379.0
2026-08-31T02:54:38,0.2,3501,1547349,1532706,0.2,0.00,0.00,0.99,50.00,0.00,0.00,0.00,1.0,95830.0,95350.0,0.0,63.4,0.0,0.0,0.000,0.000,630967.0,40368.0
2026-08-31T02:54:41,0.2,3502,1547349,1532706,0.2,0.00,0.00,0.00,0.00,0.00,0.00,0.00,1.0,95830.0,95350.0,0.0,63.4,0.0,0.0,0.000,0.000,659396.0,65993.0
2026-08-31T02:54:44,0.2,3501,1547349,1532707,0.2,0.00,0.00,3.00,0.00,0.00,0.00,0.00,1.0,95830.0,95350.0,0.0,63.4,0.0,0.0,0.000,0.000,670140.0,79384.0
2026-08-31T02:54:47,0.2,3502,1547349,1532705,0.2,0.00,0.00,0.00,0.00,0.00,0.00,0.00,1.0,95830.0,95350.0,0.0,63.4,0.0,0.0,0.000,0.000,631167.0,38205.0
2026-08-31T02:54:50,0.1,3502,1547349,1532705,0.2,0.00,0.00,1.00,50.00,0.00,0.00,0.00,1.0,95830.0,95350.0,0.0,63.4,0.0,0.0,0.000,0.000,632199.0,38629.0
2026-08-31T02:54:53,0.2,3502,1547349,1532705,0.2,0.00,0.00,0.00,0.00,0.00,0.00,0.00,1.0,95830.0,95350.0,0.0,63.4,0.0,0.0,0.000,0.000,628159.0,37517.0
2026-08-31T02:54:56,0.2,3502,1547349,1532706,0.2,0.00,0.00,0.00,0.00,0.00,0.00,0.00,1.0,95830.0,95350.0,0.0,63.4,0.0,0.0,0.000,0.000,630036.0,36972.0
2026-08-31T02:54:59,0.2,3508,1547349,1532700,0.2,0.00,0.00,10.00,9.09,0.00,0.00,0.00,1.0,95830.0,95350.0,0.0,63.4,0.0,0.0,0.000,0.000,631194.0,38034.0
2026-08-31T02:55:02,0.2,3507,1547349,1532700,0.2,0.00,0.00,0.00,0.00,0.00,0.00,0.00,1.0,95830.0,95350.0,0.0,63.4,0.0,0.0,0.000,0.000,629738.0,38980.0
2026-08-31T02:55:05,0.2,3507,1547349,1532700,0.2,0.00,0.00,0.00,0.00,0.00,0.00,0.00,1.0,95830.0,95350.0,0.0,63.4,0.0,0.0,0.000,0.000,630572.0,37476.0
2026-08-31T02:55:08,0.2,3507,1547349,1532700,0.2,0.00,0.00,0.00,0.00,0.00,0.00,0.00,1.0,95830.0,95350.0,0.0,63.4,0.0,0.0,0.000,0.000,626783.0,36148.0
2026-08-31T02:55:12,0.2,3502,1547349,1532705,0.2,0.00,0.00,4.00,20.00,0.00,0.00,0.00,1.0,95830.0,95350.0,0.0,63.4,0.0,0.0,0.000,0.000,641288.0,47926.0
2026-08-31T02:55:14,0.2,3502,1547349,1532705,0.2,0.00,0.00,0.00,0.00,0.00,0.00,0.00,1.0,95830.0,95350.0,0.0,63.4,0.0,0.0,0.000,0.000,634855.0,41107.0
2026-08-31T02:55:17,0.2,3502,1547349,1532706,0.2,0.00,0.00,2.00,0.00,0.00,0.00,0.00,1.0,95830.0,95350.0,0.0,63.4,0.0,0.0,0.000,0.000,631499.0,41093.0
2026-08-31T02:55:20,0.1,3502,1547349,1532706,0.2,0.00,0.00,0.00,0.00,0.00,0.00,0.00,1.0,95830.0,95350.0,0.0,63.4,0.0,0.0,0.000,0.000,632183.0,38807.0
2026-08-31T02:55:23,0.2,3502,1547349,1532706,0.2,0.00,0.00,1.00,50.00,0.00,0.00,0.00,1.0,95830.0,95350.0,0.0,63.4,0.0,0.0,0.000,0.000,633273.0,39637.0
2026-08-31T02:55:26,0.2,3502,1547349,1532705,0.2,0.00,0.00,0.00,0.00,0.00,0.00,0.00,1.0,95830.0,95350.0,0.0,63.4,0.0,0.0,0.000,0.000,630657.0,40188.0
2026-08-31T02:55:28,0.1,3502,1547349,1532706,0.2,0.00,0.00,2.00,0.00,0.00,0.00,0.00,1.0,95830.0,95350.0,0.0,63.4,0.0,0.0,0.000,0.000,632366.0,38986.0
2026-08-31T02:55:31,0.2,3503,1547349,1532704,0.2,0.00,0.00,0.00,0.00,0.00,0.00,0.00,1.0,95830.0,95350.0,0.0,63.4,0.0,0.0,0.000,0.000,652930.0,59458.0
2026-08-31T02:55:34,0.2,3504,1547349,1532703,0.2,0.00,0.00,2.00,0.00,0.00,0.00,0.00,1.0,95830.0,95350.0,0.0,63.4,0.0,0.0,0.000,0.000,628584.0,38028.0
2026-08-31T02:55:37,0.2,3503,1547349,1532704,0.2,0.00,0.00,0.00,0.00,0.00,0.00,0.00,1.0,95830.0,95350.0,0.0,63.4,0.0,0.0,0.000,0.000,632395.0,39167.0
2026-08-31T02:55:40,0.2,3503,1547349,1532704,0.2,0.00,0.00,1.00,50.00,0.00,0.00,0.00,1.0,95830.0,95350.0,0.0,63.4,0.0,0.0,0.000,0.000,649767.0,58850.0
2026-08-31T02:55:43,0.2,3503,1547349,1532704,0.2,0.00,0.00,0.00,0.00,0.00,0.00,0.00,1.0,95830.0,95350.0,0.0,63.4,0.0,0.0,0.000,0.000,630209.0,37307.0
2026-08-31T02:55:46,0.2,3503,1547349,1532704,0.2,0.00,0.00,3.00,0.00,0.00,0.00,0.00,1.0,95830.0,95350.0,0.0,63.4,0.0,0.0,0.000,0.000,630276.0,37291.0
2026-08-31T02:55:50,0.2,3502,1547349,1532705,0.2,0.00,0.00,0.00,0.00,0.00,0.00,0.00,1.0,95830.0,95350.0,0.0,63.4,0.0,0.0,0.000,0.000,628422.0,37371.0
2026-08-31T02:55:53,0.2,3503,1547349,1532704,0.2,0.00,0.00,1.00,50.00,0.00,0.00,0.00,1.0,95830.0,95350.0,0.0,63.4,0.0,0.0,0.000,0.000,630221.0,36973.0
2026-08-31T02:55:56,0.1,3503,1547349,1532704,0.2,0.00,0.00,0.00,0.00,0.00,0.00,0.00,1.0,95830.0,95350.0,0.0,63.4,0.0,0.0,0.000,0.000,640865.0,47541.0
2026-08-31T02:55:59,0.2,3508,1547349,1532700,0.2,0.00,0.00,2.00,0.00,0.00,0.00,0.00,1.0,95830.0,95350.0,0.0,63.4,0.0,0.0,0.000,0.000,650700.0,58271.0
2026-08-31T02:56:02,0.1,3509,1547349,1532699,0.2,0.00,0.00,0.00,0.00,0.00,0.00,0.00,1.0,95830.0,95350.0,0.0,63.4,0.0,0.0,0.000,0.000,630064.0,36974.0
2026-08-31T02:56:05,0.2,3509,1547349,1532699,0.2,0.00,0.00,0.00,0.00,0.00,0.00,0.00,1.0,95830.0,95350.0,0.0,63.4,0.0,0.0,0.000,0.000,629129.0,35519.0
2026-08-31T02:56:09,0.1,3509,1547349,1532699,0.2,0.00,0.00,0.00,0.00,0.00,0.00,0.00,1.0,95830.0,95350.0,0.0,63.4,0.0,0.0,0.000,0.000,633909.0,40989.0
2026-08-31T02:56:12,0.3,3504,1547349,1532703,0.2,0.00,0.00,0.00,0.00,0.00,0.00,0.00,1.0,95830.0,95350.0,0.0,63.4,0.0,0.0,0.000,0.000,632491.0,38804.0
2026-08-31T02:56:14,0.2,3505,1547349,1532703,0.2,0.00,0.00,0.00,0.00,0.00,0.00,0.00,1.0,95830.0,95350.0,0.0,63.4,0.0,0.0,0.000,0.000,611996.0,39268.0
2026-08-31T02:56:17,0.2,3504,1547349,1532703,0.2,0.00,0.00,0.00,0.00,0.00,0.00,0.00,1.0,95830.0,95350.0,0.0,63.4,0.0,0.0,0.000,0.000,658085.0,42836.0
2026-08-31T02:56:20,0.2,3504,1547349,1532703,0.2,0.00,0.00,0.00,0.00,0.00,0.00,0.00,1.0,95830.0,95350.0,0.0,63.4,0.0,0.0,0.000,0.000,633245.0,40006.0
2026-08-31T02:56:23,0.2,3504,1547349,1532704,0.2,0.00,0.00,0.00,0.00,0.00,0.00,0.00,1.0,95830.0,95350.0,0.0,63.4,0.0,0.0,0.000,0.000,633672.0,40009.0
2026-08-31T02:56:26,0.2,3503,1547349,1532704,0.2,0.00,0.00,0.00,0.00,0.00,0.00,0.00,1.0,95830.0,95350.0,0.0,63.4,0.0,0.0,0.000,0.000,634854.0,41299.0
2026-08-31T02:56:28,0.2,3504,1547349,1532703,0.2,0.00,0.00,0.00,0.00,0.00,0.00,0.00,1.0,95830.0,95350.0,0.0,63.4,0.0,0.0,0.000,0.000,632765.0,39779.0
2026-08-31T02:56:31,0.2,3505,1547349,1532702,0.2,0.00,0.00,0.00,0.00,0.00,0.00,0.00,1.0,95830.0,95350.0,0.0,63.4,0.0,0.0,0.000,0.000,637017.0,43529.0
2026-08-31T02:56:34,0.2,3504,1547349,1532704,0.2,0.00,0.00,0.00,0.00,0.00,0.00,0.00,1.0,95830.0,95350.0,0.0,63.4,0.0,0.0,0.000,0.000,635046.0,41107.0
2026-08-31T02:56:37,0.1,3504,1547349,1532703,0.2,0.00,0.00,0.00,0.00,0.00,0.00,0.00,1.0,95830.0,95350.0,0.0,63.4,0.0,0.0,0.000,0.000,630613.0,38051.0
2026-08-31T02:56:40,0.2,3504,1547349,1532703,0.2,0.00,0.00,0.00,0.00,0.00,0.00,0.00,1.0,95830.0,95350.0,0.0,63.4,0.0,0.0,0.000,0.000,662835.0,68617.0
2026-08-31T02:56:42,0.1,3577,1547349,1532630,0.2,0.00,0.00,0.00,0.00,0.00,0.00,0.00,1.0,95830.0,95350.0,0.0,63.4,0.0,0.0,0.000,0.000,632064.0,38898.0
2026-08-31T02:56:45,0.2,3593,1547349,1532615,0.2,0.00,0.00,0.00,0.00,0.00,0.00,0.00,1.0,95830.0,95350.0,0.0,63.4,0.0,0.0,0.000,0.000,631336.0,38766.0
2026-08-31T02:56:48,0.2,3675,1547349,1532532,0.2,0.00,0.00,0.00,0.00,0.00,0.00,0.00,1.0,95830.0,95350.0,0.0,63.4,0.0,0.0,0.000,0.000,632003.0,38807.0
2026-08-31T02:56:51,0.2,3679,1547349,1532528,0.2,0.00,0.00,0.00,0.00,0.00,0.00,0.00,1.0,95830.0,95350.0,0.0,63.4,0.0,0.0,0.000,0.000,631869.0,38206.0
2026-08-31T02:56:54,0.2,3681,1547349,1532526,0.2,0.00,0.00,0.00,0.00,0.00,0.00,0.00,1.0,95830.0,95350.0,0.0,63.4,0.0,0.0,0.000,0.000,631164.0,38588.0
2026-08-31T02:56:57,0.2,3683,1547349,1532524,0.2,0.00,0.00,0.00,0.00,0.00,0.00,0.00,1.0,95830.0,95350.0,0.0,63.4,0.0,0.0,0.000,0.000,630372.0,37139.0
2026-08-31T02:57:00,0.1,3688,1547349,1532520,0.2,0.00,0.00,1.00,0.00,0.00,0.00,0.00,1.0,95830.0,95350.0,0.0,63.4,0.0,0.0,0.000,0.000,636528.0,41690.0
2026-08-31T02:57:03,0.1,3690,1547349,1532517,0.2,0.00,0.00,0.00,0.00,0.00,0.00,0.00,1.0,95830.0,95350.0,0.0,63.4,0.0,0.0,0.000,0.000,636127.0,43306.0
2026-08-31T02:57:05,0.2,3692,1547349,1532516,0.2,0.00,0.00,0.00,0.00,0.00,0.00,0.00,1.0,95830.0,95350.0,0.0,63.4,0.0,0.0,0.000,0.000,632174.0,39522.0
2026-08-31T02:57:08,0.2,3693,1547349,1532514,0.2,0.00,0.00,0.00,0.00,0.00,0.00,0.00,1.0,95830.0,95350.0,0.0,63.4,0.0,0.0,0.000,0.000,632922.0,38987.0
2026-08-31T02:57:11,0.2,3690,1547349,1532518,0.2,0.00,0.00,0.00,0.00,0.00,0.00,0.00,1.0,95830.0,95350.0,0.0,63.4,0.0,0.0,0.000,0.000,634766.0,42038.0
2026-08-31T02:57:14,0.2,3691,1547349,1532517,0.2,0.00,0.00,0.00,0.00,0.00,0.00,0.00,1.0,95830.0,95350.0,0.0,63.4,0.0,0.0,0.000,0.000,636092.0,42485.0
2026-08-31T02:57:17,0.2,3693,1547349,1532514,0.2,0.00,0.00,0.00,0.00,0.00,0.00,0.00,1.0,95830.0,95350.0,0.0,63.4,0.0,0.0,0.000,0.000,662344.0,67639.0
2026-08-31T02:57:19,0.2,3693,1547349,1532514,0.2,0.00,0.00,0.00,0.00,0.00,0.00,0.00,1.0,95830.0,95350.0,0.0,63.4,0.0,0.0,0.000,0.000,636736.0,43286.0
2026-08-31T02:57:22,0.2,3696,1547349,1532512,0.2,0.00,0.00,0.00,0.00,0.00,0.00,0.00,1.0,95830.0,95350.0,0.0,63.4,0.0,0.0,0.000,0.000,630817.0,38410.0
2026-08-31T02:57:24,0.1,3698,1547349,1532510,0.2,0.00,0.00,0.00,0.00,0.00,0.00,0.00,1.0,95830.0,95350.0,0.0,63.4,0.0,0.0,0.000,0.000,635506.0,41489.0
2026-08-31T02:57:27,0.2,3699,1547349,1532508,0.2,0.00,0.00,0.00,0.00,0.00,0.00,0.00,1.0,95830.0,95350.0,0.0,63.4,0.0,0.0,0.000,0.000,637716.0,43772.0
2026-08-31T02:57:30,0.1,3700,1547349,1532507,0.2,0.00,0.00,1.00,0.00,0.00,0.00,0.00,1.0,95830.0,95350.0,0.0,63.4,0.0,0.0,0.000,0.000,631533.0,39124.0
2026-08-31T02:57:33,0.2,3701,1547349,1532506,0.2,0.00,0.00,0.00,0.00,0.00,0.00,0.00,1.0,95830.0,95350.0,0.0,63.4,0.0,0.0,0.000,0.000,632188.0,38628.0
2026-08-31T02:57:36,0.1,3701,1547349,1532507,0.2,0.00,0.00,0.00,0.00,0.00,0.00,0.00,1.0,95830.0,95350.0,0.0,63.4,0.0,0.0,0.000,0.000,634034.0,40379.0
2026-08-31T02:57:38,0.2,3700,1547349,1532507,0.2,0.00,0.00,0.00,0.00,0.00,0.00,0.00,1.0,95830.0,95350.0,0.0,63.4,0.0,0.0,0.000,0.000,633732.0,40867.0
2026-08-31T02:57:41,0.2,3702,1547349,1532506,0.2,0.00,0.00,0.00,0.00,0.00,0.00,0.00,1.0,95830.0,95350.0,0.0,63.4,0.0,0.0,0.000,0.000,638642.0,45379.0
2026-08-31T02:57:44,0.1,3702,1547349,1532506,0.2,0.00,0.00,0.00,0.00,0.00,0.00,0.00,1.0,95830.0,95350.0,0.0,63.4,0.0,0.0,0.000,0.000,632737.0,38527.0
2026-08-31T02:57:47,0.1,3703,1547349,1532505,0.2,0.00,0.00,0.00,0.00,0.00,0.00,0.00,1.0,95830.0,95350.0,0.0,63.4,0.0,0.0,0.000,0.000,656429.0,64416.0
2026-08-31T02:57:50,0.2,3702,1547349,1532505,0.2,0.00,0.00,0.00,0.00,0.00,0.00,0.00,1.0,95830.0,95350.0,0.0,63.4,0.0,0.0,0.000,0.000,649649.0,56183.0
2026-08-31T02:57:53,0.2,3705,1547349,1532503,0.2,0.00,0.00,0.00,0.00,0.00,0.00,0.00,1.0,95830.0,95350.0,0.0,63.4,0.0,0.0,0.000,0.000,629464.0,38034.0
2026-08-31T02:57:56,0.2,3708,1547349,1532500,0.2,0.00,0.00,0.00,0.00,0.00,0.00,0.00,1.0,95830.0,95350.0,0.0,63.4,0.0,0.0,0.000,0.000,638532.0,42489.0
2026-08-31T02:57:59,0.2,3707,1547349,1532501,0.2,0.00,0.00,0.00,0.00,0.00,0.00,0.00,1.0,95830.0,95350.0,0.0,63.4,0.0,0.0,0.000,0.000,629760.0,37103.0
2026-08-31T02:58:02,0.2,3715,1547349,1532493,0.2,0.00,0.00,0.00,0.00,0.00,0.00,0.00,1.0,95830.0,95350.0,0.0,63.4,0.0,0.0,0.000,0.000,660850.0,67590.0
2026-08-31T02:58:05,0.1,3715,1547349,1532493,0.2,0.00,0.00,0.00,0.00,0.00,0.00,0.00,1.0,95830.0,95350.0,0.0,63.4,0.0,0.0,0.000,0.000,640402.0,46226.0
2026-08-31T02:58:07,0.2,3715,1547349,1532493,0.2,0.00,0.00,0.00,0.00,0.00,0.00,0.00,1.0,95830.0,95350.0,0.0,63.4,0.0,0.0,0.000,0.000,634548.0,41639.0
2026-08-31T02:58:10,0.2,3713,1547349,1532494,0.2,0.00,0.00,0.00,0.00,0.00,0.00,0.00,1.0,95830.0,95350.0,0.0,63.4,0.0,0.0,0.000,0.000,637719.0,43150.0
2026-08-31T02:58:12,0.2,3714,1547349,1532494,0.2,0.00,0.00,0.00,0.00,0.00,0.00,0.00,1.0,95830.0,95350.0,0.0,63.4,0.0,0.0,0.000,0.000,631254.0,38313.0
2026-08-31T02:58:16,0.2,3714,1547349,1532493,0.2,0.00,0.00,0.00,0.00,0.00,0.00,0.00,1.0,95830.0,95350.0,0.0,63.4,0.0,0.0,0.000,0.000,630622.0,38051.0
2026-08-31T02:58:18,0.2,3718,1547349,1532490,0.2,0.00,0.00,0.00,0.00,0.00,0.00,0.00,1.0,95830.0,95350.0,0.0,63.4,0.0,0.0,0.000,0.000,634631.0,41105.0
2026-08-31T02:58:21,0.1,3718,1547349,1532489,0.2,0.00,0.00,0.00,0.00,0.00,0.00,0.00,1.0,95830.0,95350.0,0.0,63.4,0.0,0.0,0.000,0.000,637934.0,43773.0
2026-08-31T02:58:24,0.2,3720,1547349,1532488,0.2,0.00,0.00,0.00,0.00,0.00,0.00,0.00,1.0,95830.0,95350.0,0.0,63.4,0.0,0.0,0.000,0.000,632403.0,39594.0
2026-08-31T02:58:26,0.1,3721,1547349,1532486,0.2,0.00,0.00,1.00,50.00,0.00,0.00,0.00,1.0,95830.0,95350.0,0.0,63.4,0.0,0.0,0.000,0.000,634058.0,40721.0
2026-08-31T02:58:29,0.2,3722,1547349,1532485,0.2,0.00,0.00,0.00,0.00,0.00,0.00,0.00,1.0,95830.0,95350.0,0.0,63.4,0.0,0.0,0.000,0.000,640650.0,45776.0
2026-08-31T02:58:32,0.2,3724,1547349,1532483,0.2,0.00,0.00,0.00,0.00,0.00,0.00,0.00,1.0,95830.0,95350.0,0.0,63.4,0.0,0.0,0.000,0.000,664569.0,71536.0
2026-08-31T02:58:34,0.2,3727,1547349,1532481,0.2,0.00,0.00,0.00,0.00,0.00,0.00,0.00,1.0,95830.0,95350.0,0.0,63.4,0.0,0.0,0.000,0.000,639524.0,45487.0
2026-08-31T02:58:37,0.2,3742,1547349,1532466,0.2,0.00,0.00,0.00,0.00,0.00,0.00,0.00,1.0,95830.0,95350.0,0.0,63.4,0.0,0.0,0.000,0.000,632027.0,39345.0
2026-08-31T02:58:40,0.2,3742,1547349,1532465,0.2,0.00,0.00,0.00,0.00,0.00,0.00,0.00,1.0,95830.0,95350.0,0.0,63.4,0.0,0.0,0.000,0.000,631529.0,38206.0
2026-08-31T02:58:43,0.2,3742,1547349,1532465,0.2,0.00,0.00,0.00,0.00,0.00,0.00,0.00,1.0,95830.0,95350.0,0.0,63.4,0.0,0.0,0.000,0.000,640832.0,47238.0
2026-08-31T02:58:45,0.2,3743,1547349,1532465,0.2,0.00,0.00,0.00,0.00,0.00,0.00,0.00,1.0,95830.0,95350.0,0.0,63.4,0.0,0.0,0.000,0.000,631827.0,39165.0
2026-08-31T02:58:48,0.2,3744,1547349,1532463,0.2,0.00,0.00,0.00,0.00,0.00,0.00,0.00,1.0,95830.0,95350.0,0.0,63.4,0.0,0.0,0.000,0.000,632043.0,38206.0
2026-08-31T02:58:51,0.2,3746,1547349,1532462,0.2,0.00,0.00,0.00,0.00,0.00,0.00,0.00,1.0,95830.0,95350.0,0.0,63.4,0.0,0.0,0.000,0.000,631194.0,38589.0
2026-08-31T02:58:54,0.2,3747,1547349,1532460,0.2,0.00,0.00,0.00,0.00,0.00,0.00,0.00,1.0,95830.0,95350.0,0.0,63.4,0.0,0.0,0.000,0.000,630341.0,37137.0
2026-08-31T02:58:57,0.2,3749,1547349,1532459,0.2,0.00,0.00,0.00,0.00,0.00,0.00,0.00,1.0,95830.0,95350.0,0.0,63.4,0.0,0.0,0.000,0.000,632050.0,38379.0
2026-08-31T02:59:00,0.3,3754,1547349,1532453,0.2,0.00,0.00,9.00,10.00,0.00,0.00,0.00,1.0,95830.0,95350.0,0.0,63.4,0.0,0.0,0.000,0.000,629271.0,36770.0
2026-08-31T02:59:04,0.2,3756,1547349,1532451,0.2,0.00,0.00,0.00,0.00,0.00,0.00,0.00,1.0,95830.0,95350.0,0.0,63.4,0.0,0.0,0.000,0.000,629956.0,36951.0
2026-08-31T02:59:07,0.2,3756,1547349,1532451,0.2,0.00,0.00,0.00,0.00,0.00,0.00,0.00,1.0,95830.0,95350.0,0.0,63.4,0.0,0.0,0.000,0.000,629904.0,36472.0
2026-08-31T02:59:10,0.2,3754,1547349,1532454,0.2,0.00,0.00,0.00,0.00,0.00,0.00,0.00,1.0,95830.0,95350.0,0.0,63.4,0.0,0.0,0.000,0.000,628545.0,35944.0
2026-08-31T02:59:13,0.2,3755,1547349,1532452,0.2,0.00,0.00,3.00,40.00,0.00,0.00,0.00,1.0,95830.0,95350.0,0.0,63.4,0.0,0.0,0.000,0.000,631362.0,38033.0
2026-08-31T02:59:16,0.3,3757,1547349,1532450,0.2,0.00,0.00,0.00,0.00,0.00,0.00,0.00,1.0,95830.0,95350.0,0.0,63.4,0.0,0.0,0.000,0.000,632552.0,38986.0
2026-08-31T02:59:19,0.2,3757,1547349,1532450,0.2,0.00,0.00,2.00,0.00,0.00,0.00,0.00,1.0,95830.0,95350.0,0.0,63.4,0.0,0.0,0.000,0.000,633714.0,40674.0
2026-08-31T02:59:22,0.2,3758,1547349,1532449,0.2,0.00,0.00,0.00,0.00,0.00,0.00,0.00,1.0,95830.0,95350.0,0.0,63.4,0.0,0.0,0.000,0.000,634471.0,41107.0
2026-08-31T02:59:24,0.2,3758,1547349,1532449,0.2,0.00,0.00,2.00,33.33,0.00,0.00,0.00,1.0,95830.0,95350.0,0.0,63.4,0.0,0.0,0.000,0.000,635428.0,41299.0
2026-08-31T02:59:27,0.2,3758,1547349,1532449,0.2,0.00,0.00,0.00,0.00,0.00,0.00,0.00,1.0,95830.0,95350.0,0.0,63.4,0.0,0.0,0.000,0.000,655536.0,63092.0
2026-08-31T02:59:30,0.2,3760,1547349,1532447,0.2,0.00,0.00,2.00,0.00,0.00,0.00,0.00,1.0,95830.0,95350.0,0.0,63.4,0.0,0.0,0.000,0.000,642153.0,48598.0
2026-08-31T02:59:33,0.2,3762,1547349,1532445,0.2,0.00,0.00,0.00,0.00,0.00,0.00,0.00,1.0,95830.0,95350.0,0.0,63.4,0.0,0.0,0.000,0.000,631700.0,37860.0
2026-08-31T02:59:36,0.2,3762,1547349,1532445,0.2,0.00,0.00,2.00,0.00,0.00,0.00,0.00,1.0,95830.0,95350.0,0.0,63.4,0.0,0.0,0.000,0.000,631003.0,38589.0
2026-08-31T02:59:39,0.2,3765,1547349,1532442,0.2,0.00,0.00,0.00,0.00,0.00,0.00,0.00,1.0,95830.0,95350.0,0.0,63.4,0.0,0.0,0.000,0.000,631649.0,38270.0
2026-08-31T02:59:42,0.2,3766,1547349,1532441,0.2,0.00,0.00,1.00,50.00,0.00,0.00,0.00,1.0,95830.0,95350.0,0.0,63.4,0.0,0.0,0.000,0.000,679048.0,85205.0
2026-08-31T02:59:45,0.2,3768,1547349,1532440,0.2,0.00,0.00,0.00,0.00,0.00,0.00,0.00,1.0,95830.0,95350.0,0.0,63.4,0.0,0.0,0.000,0.000,630000.0,37475.0
2026-08-31T02:59:48,0.2,3768,1547349,1532439,0.2,0.00,0.00,2.00,0.00,0.00,0.00,0.00,1.0,95830.0,95350.0,0.0,63.4,0.0,0.0,0.000,0.000,632711.0,39164.0
2026-08-31T02:59:51,0.2,3769,1547349,1532438,0.2,0.00,0.00,0.00,0.00,0.00,0.00,0.00,1.0,95830.0,95350.0,0.0,63.4,0.0,0.0,0.000,0.000,669543.0,76122.0
2026-08-31T02:59:54,0.2,3770,1547349,1532438,0.2,0.00,0.00,2.00,33.33,0.00,0.00,0.00,1.0,95830.0,95350.0,0.0,63.4,0.0,0.0,0.000,0.000,630195.0,37822.0
2026-08-31T02:59:57,0.2,3770,1547349,1532437,0.2,0.00,0.00,0.00,0.00,0.00,0.00,0.00,1.0,95830.0,95350.0,0.0,63.4,0.0,0.0,0.000,0.000,631507.0,38032.0
2026-08-31T03:00:00,0.2,3777,1547349,1532430,0.2,0.00,0.00,2.00,0.00,0.00,0.00,0.00,1.0,95830.0,95350.0,0.0,63.4,0.0,0.0,0.000,0.000,639815.0,46157.0
2026-08-31T03:00:03,0.2,3779,1547349,1532429,0.2,0.00,0.00,0.00,0.00,0.00,0.00,0.00,1.0,95830.0,95350.0,0.0,63.4,0.0,0.0,0.000,0.000,630347.0,37993.0
2026-08-31T03:00:06,0.2,3778,1547349,1532429,0.2,0.00,0.00,0.00,0.00,0.00,0.00,0.00,1.0,95830.0,95350.0,0.0,63.4,0.0,0.0,0.000,0.000,630370.0,37139.0
2026-08-31T03:00:09,0.2,3775,1547349,1532433,0.2,0.00,0.00,0.00,0.00,0.00,0.00,0.00,1.0,95830.0,95350.0,0.0,63.4,0.0,0.0,0.000,0.000,631077.0,37476.0
2026-08-31T03:00:12,0.2,3776,1547349,1532431,0.2,0.00,0.00,0.00,0.00,0.00,0.00,0.00,1.0,95830.0,95350.0,0.0,63.4,0.0,0.0,0.000,0.000,630342.0,37820.0
2026-08-31T03:00:15,0.2,3776,1547349,1532431,0.2,0.00,0.00,0.00,0.00,0.00,0.00,0.00,1.0,95830.0,95350.0,0.0,63.4,0.0,0.0,0.000,0.000,630051.0,36805.0
2026-08-31T03:00:18,0.2,3777,1547349,1532430,0.2,0.00,0.00,0.00,0.00,0.00,0.00,0.00,1.0,95830.0,95350.0,0.0,63.4,0.0,0.0,0.000,0.000,631692.0,38205.0
2026-08-31T03:00:21,0.2,3778,1547349,1532430,0.2,0.00,0.00,0.00,0.00,0.00,0.00,0.00,1.0,95830.0,95350.0,0.0,63.4,0.0,0.0,0.000,0.000,633923.0,41059.0
2026-08-31T03:00:24,0.2,3780,1547349,1532428,0.2,0.00,0.00,0.00,0.00,0.00,0.00,0.00,1.0,95830.0,95350.0,0.0,63.4,0.0,0.0,0.000,0.000,633670.0,40336.0
2026-08-31T03:00:27,0.2,3782,1547349,1532425,0.2,0.00,0.00,0.00,0.00,0.00,0.00,0.00,1.0,95830.0,95350.0,0.0,63.4,0.0,0.0,0.000,0.000,661188.0,67040.0
2026-08-31T03:00:29,0.2,3786,1547349,1532421,0.2,0.00,0.00,0.00,0.00,0.00,0.00,0.00,1.0,95830.0,95350.0,0.0,63.4,0.0,0.0,0.000,0.000,631299.0,38764.0
2026-08-31T03:00:32,0.2,3788,1547349,1532420,0.2,0.00,0.00,0.00,0.00,0.00,0.00,0.00,1.0,95830.0,95350.0,0.0,63.4,0.0,0.0,0.000,0.000,633648.0,40193.0
2026-08-31T03:00:35,0.2,3790,1547349,1532418,0.2,0.00,0.00,0.00,0.00,0.00,0.00,0.00,1.0,95830.0,95350.0,0.0,63.4,0.0,0.0,0.000,0.000,633671.0,39824.0
2026-08-31T03:00:38,0.2,3791,1547349,1532417,0.2,0.00,0.00,0.00,0.00,0.00,0.00,0.00,1.0,95830.0,95350.0,0.0,63.4,0.0,0.0,0.000,0.000,631642.0,39038.0
2026-08-31T03:00:41,0.2,3793,1547349,1532415,0.2,0.00,0.00,0.00,0.00,0.00,0.00,0.00,1.0,95830.0,95350.0,0.0,63.4,0.0,0.0,0.000,0.000,630640.0,37340.0
2026-08-31T03:00:44,0.2,3794,1547349,1532413,0.2,0.00,0.00,0.00,0.00,0.00,0.00,0.00,1.0,95830.0,95350.0,0.0,63.4,0.0,0.0,0.000,0.000,631061.0,37475.0
2026-08-31T03:00:47,0.2,3795,1547349,1532412,0.2,0.00,0.00,0.00,0.00,0.00,0.00,0.00,1.0,95830.0,95350.0,0.0,63.4,0.0,0.0,0.000,0.000,629751.0,37795.0
2026-08-31T03:00:50,0.2,3796,1547349,1532411,0.2,0.00,0.00,0.00,0.00,0.00,0.00,0.00,1.0,95830.0,95350.0,0.0,63.4,0.0,0.0,0.000,0.000,632530.0,38985.0
2026-08-31T03:00:53,0.2,3797,1547349,1532410,0.2,0.00,0.00,0.00,0.00,0.00,0.00,0.00,1.0,95830.0,95350.0,0.0,63.4,0.0,0.0,0.000,0.000,632049.0,38379.0
2026-08-31T03:00:56,0.2,3799,1547349,1532408,0.2,0.00,0.00,0.00,0.00,0.00,0.00,0.00,1.0,95830.0,95350.0,0.0,63.4,0.0,0.0,0.000,0.000,631173.0,38588.0
2026-08-31T03:00:59,0.3,3806,1547349,1532401,0.2,0.00,0.00,0.00,0.00,0.00,0.00,0.00,1.0,95830.0,95350.0,0.0,63.4,0.0,0.0,0.000,0.000,630994.0,37686.0
2026-08-31T03:01:02,0.2,3808,1547349,1532399,0.2,0.00,0.00,9.00,18.18,0.00,0.00,0.00,1.0,95830.0,95350.0,0.0,63.4,0.0,0.0,0.000,0.000,650559.0,56887.0
2026-08-31T03:01:05,0.2,3810,1547349,1532397,0.2,0.00,0.00,0.00,0.00,0.00,0.00,0.00,1.0,95830.0,95350.0,0.0,63.4,0.0,0.0,0.000,0.000,629602.0,37271.0
2026-08-31T03:01:08,0.2,3812,1547349,1532395,0.2,0.00,0.00,0.00,0.00,0.00,0.00,0.00,1.0,95830.0,95350.0,0.0,63.4,0.0,0.0,0.000,0.000,630654.0,37341.0
2026-08-31T03:01:12,0.2,3812,1547349,1532395,0.2,0.00,0.00,0.00,0.00,0.00,0.00,0.00,1.0,95830.0,95350.0,0.0,63.4,0.0,0.0,0.000,0.000,632038.0,38378.0
2026-08-31T03:01:15,0.2,3814,1547349,1532394,0.2,0.00,0.00,0.00,0.00,0.00,0.00,0.00,1.0,95830.0,95350.0,0.0,63.4,0.0,0.0,0.000,0.000,628415.0,36108.0
2026-08-31T03:01:18,0.2,3814,1547349,1532393,0.2,0.00,0.00,0.00,0.00,0.00,0.00,0.00,1.0,95830.0,95350.0,0.0,63.4,0.0,0.0,0.000,0.000,628658.0,35492.0
2026-08-31T03:01:21,0.2,3814,1547349,1532393,0.2,0.00,0.00,0.00,0.00,0.00,0.00,0.00,1.0,95830.0,95350.0,0.0,63.4,0.0,0.0,0.000,0.000,634217.0,40194.0
2026-08-31T03:01:24,0.2,3816,1547349,1532392,0.2,0.00,0.00,0.00,0.00,0.00,0.00,0.00,1.0,95830.0,95350.0,0.0,63.4,0.0,0.0,0.000,0.000,752304.0,159860.0
2026-08-31T03:01:27,0.2,3817,1547349,1532390,0.2,0.00,0.00,0.00,0.00,0.00,0.00,0.00,1.0,95830.0,95350.0,0.0,63.4,0.0,0.0,0.000,0.000,652917.0,59271.0
2026-08-31T03:01:29,0.1,3817,1547349,1532391,0.2,0.00,0.00,0.00,0.00,0.00,0.00,0.00,1.0,95830.0,95350.0,0.0,63.4,0.0,0.0,0.000,0.000,632917.0,39166.0
2026-08-31T03:01:32,0.2,3818,1547349,1532389,0.2,0.00,0.00,0.00,0.00,0.00,0.00,0.00,1.0,95830.0,95350.0,0.0,63.4,0.0,0.0,0.000,0.000,631570.0,39911.0
2026-08-31T03:01:35,0.2,3818,1547349,1532389,0.2,0.00,0.00,0.00,0.00,0.00,0.00,0.00,1.0,95830.0,95350.0,0.0,63.4,0.0,0.0,0.000,0.000,632166.0,38627.0
2026-08-31T03:01:38,0.2,3821,1547349,1532387,0.2,0.00,0.00,0.00,0.00,0.00,0.00,0.00,1.0,95830.0,95350.0,0.0,63.4,0.0,0.0,0.000,0.000,634045.0,40195.0
2026-08-31T03:01:41,0.3,3823,1547349,1532385,0.2,0.00,0.00,0.00,0.00,0.00,0.00,0.00,1.0,95830.0,95350.0,0.0,63.4,0.0,0.0,0.000,0.000,631362.0,38767.0
2026-08-31T03:01:44,0.2,3824,1547349,1532384,0.2,0.00,0.00,0.00,0.00,0.00,0.00,0.00,1.0,95830.0,95350.0,0.0,63.4,0.0,0.0,0.000,0.000,642570.0,49268.0
2026-08-31T03:01:47,0.2,3825,1547349,1532383,0.2,0.00,0.00,0.00,0.00,0.00,0.00,0.00,1.0,95830.0,95350.0,0.0,63.4,0.0,0.0,0.000,0.000,632389.0,38724.0
2026-08-31T03:01:50,0.2,3827,1547349,1532381,0.2,0.00,0.00,0.00,0.00,0.00,0.00,0.00,1.0,95830.0,95350.0,0.0,63.4,0.0,0.0,0.000,0.000,633469.0,41575.0
2026-08-31T03:01:53,0.2,3827,1547349,1532380,0.2,0.00,0.00,0.00,0.00,0.00,0.00,0.00,1.0,95830.0,95350.0,0.0,63.4,0.0,0.0,0.000,0.000,632178.0,38807.0
2026-08-31T03:01:56,0.2,3829,1547349,1532378,0.2,0.00,0.00,0.00,0.00,0.00,0.00,0.00,1.0,95830.0,95350.0,0.0,63.4,0.0,0.0,0.000,0.000,630727.0,37141.0
2026-08-31T03:01:59,0.2,3834,1547349,1532374,0.2,0.00,0.00,0.00,0.00,0.00,0.00,0.00,1.0,95830.0,95350.0,0.0,63.4,0.0,0.0,0.000,0.000,630361.0,37821.0
2026-08-31T03:02:02,0.2,3833,1547349,1532374,0.2,0.00,0.00,9.00,0.00,0.00,0.00,0.00,1.0,95830.0,95350.0,0.0,63.4,0.0,0.0,0.000,0.000,627195.0,34033.0
2026-08-31T03:02:05,0.2,3835,1547349,1532372,0.2,0.00,0.00,7.00,12.50,0.00,0.00,0.00,1.0,95830.0,95350.0,0.0,63.4,0.0,0.0,0.000,0.000,630331.0,36970.0
2026-08-31T03:02:08,0.2,3833,1547349,1532374,0.2,0.00,0.00,0.00,0.00,0.00,0.00,0.00,1.0,95830.0,95350.0,0.0,63.4,0.0,0.0,0.000,0.000,630657.0,37991.0
2026-08-31T03:02:12,0.2,3835,1547349,1532372,0.2,0.00,0.00,4.00,0.00,0.00,0.00,0.00,1.0,95830.0,95350.0,0.0,63.4,0.0,0.0,0.000,0.000,629452.0,36140.0
2026-08-31T03:02:15,0.2,3835,1547349,1532372,0.2,0.00,0.00,0.00,0.00,0.00,0.00,0.00,1.0,95830.0,95350.0,0.0,63.4,0.0,0.0,0.000,0.000,639500.0,46520.0
2026-08-31T03:02:18,0.2,3839,1547349,1532368,0.2,0.00,0.00,0.00,0.00,0.00,0.00,0.00,1.0,95830.0,95350.0,0.0,63.4,0.0,0.0,0.000,0.000,628236.0,35621.0
2026-08-31T03:02:21,0.2,3838,1547349,1532369,0.2,0.00,0.00,0.00,0.00,0.00,0.00,0.00,1.0,95830.0,95350.0,0.0,63.4,0.0,0.0,0.000,0.000,634054.0,40653.0
2026-08-31T03:02:24,0.2,3841,1547349,1532367,0.2,0.00,0.00,0.00,0.00,0.00,0.00,0.00,1.0,95830.0,95350.0,0.0,63.4,0.0,0.0,0.000,0.000,633626.0,40006.0
2026-08-31T03:02:27,0.2,3842,1547349,1532365,0.2,0.00,0.00,0.00,0.00,0.00,0.00,0.00,1.0,95830.0,95350.0,0.0,63.4,0.0,0.0,0.000,0.000,631348.0,38588.0
2026-08-31T03:02:30,0.2,3843,1547349,1532365,0.2,0.00,0.00,0.00,0.00,0.00,0.00,0.00,1.0,95830.0,95350.0,0.0,63.4,0.0,0.0,0.000,0.000,631818.0,38449.0
2026-08-31T03:02:33,0.1,3844,1547349,1532364,0.2,0.00,0.00,0.00,0.00,0.00,0.00,0.00,1.0,95830.0,95350.0,0.0,63.4,0.0,0.0,0.000,0.000,633674.0,40195.0
2026-08-31T03:02:36,0.1,3845,1547349,1532363,0.2,0.00,0.00,0.00,0.00,0.00,0.00,0.00,1.0,95830.0,95350.0,0.0,63.4,0.0,0.0,0.000,0.000,631685.0,38765.0
2026-08-31T03:02:39,0.2,3846,1547349,1532362,0.2,0.00,0.00,0.00,0.00,0.00,0.00,0.00,1.0,95830.0,95350.0,0.0,63.4,0.0,0.0,0.000,0.000,630990.0,37686.0
2026-08-31T03:02:42,0.2,3846,1547349,1532361,0.2,0.00,0.00,0.00,0.00,0.00,0.00,0.00,1.0,95830.0,95350.0,0.0,63.4,0.0,0.0,0.000,0.000,631365.0,38034.0
2026-08-31T03:02:45,0.2,3849,1547349,1532359,0.2,0.00,0.00,2.00,0.00,0.00,0.00,0.00,1.0,95830.0,95350.0,0.0,63.4,0.0,0.0,0.000,0.000,629768.0,37104.0
2026-08-31T03:02:48,0.2,3850,1547349,1532357,0.2,0.00,0.00,0.00,0.00,0.00,0.00,0.00,1.0,95830.0,95350.0,0.0,63.4,0.0,0.0,0.000,0.000,632705.0,39164.0
2026-08-31T03:02:51,0.2,3851,1547349,1532357,0.2,0.00,0.00,0.00,0.00,0.00,0.00,0.00,1.0,95830.0,95350.0,0.0,63.4,0.0,0.0,0.000,0.000,651484.0,58221.0
2026-08-31T03:02:54,0.2,3852,1547349,1532355,0.2,0.00,0.00,0.00,0.00,0.00,0.00,0.00,1.0,95830.0,95350.0,0.0,63.4,0.0,0.0,0.000,0.000,630887.0,38167.0
2026-08-31T03:02:57,0.1,3853,1547349,1532354,0.2,0.00,0.00,0.00,0.00,0.00,0.00,0.00,1.0,95830.0,95350.0,0.0,63.4,0.0,0.0,0.000,0.000,626399.0,35979.0
2026-08-31T03:03:01,0.2,3862,1547349,1532345,0.2,0.00,0.00,8.00,20.00,0.00,0.00,0.00,1.0,95830.0,95350.0,0.0,63.4,0.0,0.0,0.000,0.000,632578.0,36466.0
2026-08-31T03:03:04,0.2,3864,1547349,1532343,0.2,0.00,0.00,0.00,0.00,0.00,0.00,0.00,1.0,95830.0,95350.0,0.0,63.4,0.0,0.0,0.000,0.000,628875.0,36268.0
2026-08-31T03:03:07,0.2,3865,1547349,1532342,0.2,0.00,0.00,0.00,0.00,0.00,0.00,0.00,1.0,95830.0,95350.0,0.0,63.4,0.0,0.0,0.000,0.000,636546.0,42701.0
2026-08-31T03:03:10,0.2,3862,1547349,1532345,0.2,0.00,0.00,0.00,0.00,0.00,0.00,0.00,1.0,95830.0,95350.0,0.0,63.4,0.0,0.0,0.000,0.000,628335.0,35492.0
2026-08-31T03:03:13,0.2,3862,1547349,1532345,0.2,0.00,0.00,0.00,0.00,0.00,0.00,0.00,1.0,95830.0,95350.0,0.0,63.4,0.0,0.0,0.000,0.000,627872.0,35326.0
2026-08-31T03:03:17,0.2,3863,1547349,1532345,0.2,0.00,0.00,0.00,0.00,0.00,0.00,0.00,1.0,95830.0,95350.0,0.0,63.4,0.0,0.0,0.000,0.000,630904.0,37308.0
2026-08-31T03:03:20,0.1,3863,1547349,1532344,0.2,0.00,0.00,0.00,0.00,0.00,0.00,0.00,1.0,95830.0,95350.0,0.0,63.4,0.0,0.0,0.000,0.000,628557.0,36269.0
2026-08-31T03:03:23,0.1,3864,1547349,1532343,0.2,0.00,0.00,2.00,0.00,0.00,0.00,0.00,1.0,95830.0,95350.0,0.0,63.4,0.0,0.0,0.000,0.000,630043.0,36805.0
2026-08-31T03:03:26,0.2,3865,1547349,1532342,0.2,0.00,0.00,0.00,0.00,0.00,0.00,0.00,1.0,95830.0,95350.0,0.0,63.4,0.0,0.0,0.000,0.000,633095.0,39166.0
2026-08-31T03:03:29,0.2,3865,1547349,1532342,0.2,0.00,0.00,1.00,50.00,0.00,0.00,0.00,1.0,95830.0,95350.0,0.0,63.4,0.0,0.0,0.000,0.000,632574.0,39963.0
2026-08-31T03:03:32,0.2,3866,1547349,1532341,0.2,0.00,0.00,0.00,0.00,0.00,0.00,0.00,1.0,95830.0,95350.0,0.0,63.4,0.0,0.0,0.000,0.000,632184.0,38986.0
2026-08-31T03:03:35,0.2,3867,1547349,1532341,0.2,0.00,0.00,3.00,0.00,0.00,0.00,0.00,1.0,95830.0,95350.0,0.0,63.4,0.0,0.0,0.000,0.000,634402.0,40379.0
2026-08-31T03:03:38,0.2,3866,1547349,1532341,0.2,0.00,0.00,0.00,0.00,0.00,0.00,0.00,1.0,95830.0,95350.0,0.0,63.4,0.0,0.0,0.000,0.000,630833.0,37687.0
2026-08-31T03:03:41,0.2,3866,1547349,1532341,0.2,0.00,0.00,1.00,50.00,0.00,0.00,0.00,1.0,95830.0,95350.0,0.0,63.4,0.0,0.0,0.000,0.000,630138.0,37473.0
2026-08-31T03:03:44,0.2,3867,1547349,1532341,0.2,0.00,0.00,0.00,0.00,0.00,0.00,0.00,1.0,95830.0,95350.0,0.0,63.4,0.0,0.0,0.000,0.000,632740.0,38987.0
2026-08-31T03:03:47,0.2,3867,1547349,1532340,0.2,0.00,0.00,2.00,0.00,0.00,0.00,0.00,1.0,95830.0,95350.0,0.0,63.4,0.0,0.0,0.000,0.000,666877.0,73948.0
2026-08-31T03:03:50,0.1,3867,1547349,1532340,0.2,0.00,0.00,0.00,0.00,0.00,0.00,0.00,1.0,95830.0,95350.0,0.0,63.4,0.0,0.0,0.000,0.000,631120.0,38406.0
2026-08-31T03:03:53,0.2,3867,1547349,1532341,0.2,0.00,0.00,2.00,0.00,0.00,0.00,0.00,1.0,95830.0,95350.0,0.0,63.4,0.0,0.0,0.000,0.000,631065.0,37475.0
2026-08-31T03:03:56,0.2,3867,1547349,1532340,0.2,0.00,0.00,0.00,0.00,0.00,0.00,0.00,1.0,95830.0,95350.0,0.0,63.4,0.0,0.0,0.000,0.000,716156.0,123676.0
2026-08-31T03:03:59,0.2,3872,1547349,1532336,0.3,0.00,0.00,0.00,0.00,0.00,0.00,0.00,1.0,95830.0,95350.0,0.0,63.4,0.0,0.0,0.000,0.000,630210.0,36972.0
2026-08-31T03:04:02,0.2,3871,1547349,1532336,0.3,0.00,0.00,0.00,0.00,0.00,0.00,0.00,1.0,95830.0,95350.0,0.0,63.4,0.0,0.0,0.000,0.000,630734.0,37308.0
2026-08-31T03:04:05,0.2,3871,1547349,1532337,0.3,0.00,0.00,0.00,0.00,0.00,0.00,0.00,1.0,95830.0,95350.0,0.0,63.4,0.0,0.0,0.000,0.000,629041.0,36430.0
2026-08-31T03:04:08,0.1,3871,1547349,1532337,0.3,0.00,0.00,1.00,50.00,0.00,0.00,0.00,1.0,95830.0,95350.0,0.0,63.4,0.0,0.0,0.000,0.000,629335.0,35980.0
2026-08-31T03:04:12,0.2,3867,1547349,1532340,0.2,0.00,0.00,0.00,0.00,0.00,0.00,0.00,1.0,95830.0,95350.0,0.0,63.4,0.0,0.0,0.000,0.000,630573.0,37476.0
2026-08-31T03:04:15,0.2,3868,1547349,1532340,0.2,0.00,0.00,0.00,0.00,0.00,0.00,0.00,1.0,95830.0,95350.0,0.0,63.4,0.0,0.0,0.000,0.000,627884.0,35327.0
2026-08-31T03:04:18,0.2,3866,1547349,1532341,0.2,0.00,0.00,0.00,0.00,0.00,0.00,0.00,1.0,95830.0,95350.0,0.0,63.4,0.0,0.0,0.000,0.000,626688.0,36804.0
2026-08-31T03:04:21,0.2,3866,1547349,1532341,0.2,0.00,0.00,0.00,0.00,0.00,0.00,0.00,1.0,95830.0,95350.0,0.0,63.4,0.0,0.0,0.000,0.000,652195.0,55592.0
2026-08-31T03:04:25,0.2,3866,1547349,1532342,0.2,0.00,0.00,2.00,0.00,0.00,0.00,0.00,1.0,95830.0,95350.0,0.0,63.4,0.0,0.0,0.000,0.000,629613.0,36937.0
2026-08-31T03:04:28,0.2,3866,1547349,1532342,0.2,0.00,0.00,0.00,0.00,0.00,0.00,0.00,1.0,95830.0,95350.0,0.0,63.4,0.0,0.0,0.000,0.000,613070.0,40377.0
2026-08-31T03:04:30,0.2,3866,1547349,1532341,0.2,0.00,0.00,1.00,50.00,0.00,0.00,0.00,1.0,95830.0,95350.0,0.0,63.4,0.0,0.0,0.000,0.000,654222.0,39823.0
2026-08-31T03:04:33,0.2,3866,1547349,1532341,0.2,0.00,0.00,1.00,0.00,0.00,0.00,0.00,1.0,95830.0,95350.0,0.0,63.4,0.0,0.0,0.000,0.000,631527.0,38767.0
2026-08-31T03:04:36,0.2,3866,1547349,1532342,0.2,0.00,0.00,2.00,33.33,0.00,0.00,0.00,1.0,95830.0,95350.0,0.0,63.4,0.0,0.0,0.000,0.000,632699.0,39342.0
2026-08-31T03:04:39,0.2,3865,1547349,1532343,0.2,0.00,0.00,0.00,0.00,0.00,0.00,0.00,1.0,95830.0,95350.0,0.0,63.4,0.0,0.0,0.000,0.000,631023.0,37688.0
2026-08-31T03:04:42,0.2,3866,1547349,1532341,0.2,0.00,0.00,2.00,0.00,0.00,0.00,0.00,1.0,95830.0,95350.0,0.0,63.4,0.0,0.0,0.000,0.000,630878.0,37994.0
2026-08-31T03:04:45,0.2,3866,1547349,1532341,0.2,0.00,0.00,0.00,0.00,0.00,0.00,0.00,1.0,95830.0,95350.0,0.0,63.4,0.0,0.0,0.000,0.000,615951.0,37340.0
2026-08-31T03:04:48,0.2,3866,1547349,1532341,0.2,0.00,0.00,1.00,50.00,0.00,0.00,0.00,1.0,95830.0,95350.0,0.0,63.4,0.0,0.0,0.000,0.000,644631.0,37141.0
2026-08-31T03:04:51,0.2,3866,1547349,1532342,0.2,0.00,0.00,0.00,0.00,0.00,0.00,0.00,1.0,95830.0,95350.0,0.0,63.4,0.0,0.0,0.000,0.000,631695.0,38945.0
2026-08-31T03:04:54,0.2,3866,1547349,1532341,0.2,0.00,0.00,2.00,0.00,0.00,0.00,0.00,1.0,95830.0,95350.0,0.0,63.4,0.0,0.0,0.000,0.000,612664.0,38723.0
2026-08-31T03:04:57,0.2,3867,1547349,1532340,0.2,0.00,0.00,0.00,0.00,0.00,0.00,0.00,1.0,95830.0,95350.0,0.0,63.4,0.0,0.0,0.000,0.000,648645.0,36640.0
2026-08-31T03:05:01,0.2,3871,1547349,1532336,0.3,0.00,0.00,1.00,50.00,0.00,0.00,0.00,1.0,95830.0,95350.0,0.0,63.4,0.0,0.0,0.000,0.000,629116.0,36269.0
2026-08-31T03:05:04,0.2,3871,1547349,1532336,0.3,0.00,0.00,1.00,0.00,0.00,0.00,0.00,1.0,95830.0,95350.0,0.0,63.4,0.0,0.0,0.000,0.000,643745.0,50188.0
2026-08-31T03:05:07,0.2,3871,1547349,1532336,0.3,0.00,0.00,0.00,0.00,0.00,0.00,0.00,1.0,95830.0,95350.0,0.0,63.4,0.0,0.0,0.000,0.000,635331.0,42463.0
2026-08-31T03:05:10,0.2,3869,1547349,1532339,0.3,0.00,0.00,0.00,0.00,0.00,0.00,0.00,1.0,95830.0,95350.0,0.0,63.4,0.0,0.0,0.000,0.000,642455.0,49868.0
2026-08-31T03:05:13,0.2,3868,1547349,1532340,0.2,0.00,0.00,0.00,0.00,0.00,0.00,0.00,1.0,95830.0,95350.0,0.0,63.4,0.0,0.0,0.000,0.000,629993.0,36467.0
2026-08-31T03:05:17,0.2,3868,1547349,1532340,0.2,0.00,0.00,2.00,0.00,0.00,0.00,0.00,1.0,95830.0,95350.0,0.0,63.4,0.0,0.0,0.000,0.000,632154.0,39725.0
2026-08-31T03:05:20,0.2,3867,1547349,1532340,0.2,0.00,0.00,0.00,0.00,0.00,0.00,0.00,1.0,95830.0,95350.0,0.0,63.4,0.0,0.0,0.000,0.000,630205.0,36972.0
2026-08-31T03:05:23,0.2,3867,1547349,1532341,0.2,0.00,0.00,0.00,0.00,0.00,0.00,0.00,1.0,95830.0,95350.0,0.0,63.4,0.0,0.0,0.000,0.000,628808.0,35675.0
2026-08-31T03:05:26,0.2,3867,1547349,1532340,0.2,0.00,0.00,0.00,0.00,0.00,0.00,0.00,1.0,95830.0,95350.0,0.0,63.4,0.0,0.0,0.000,0.000,629609.0,36937.0
2026-08-31T03:05:29,0.2,3867,1547349,1532341,0.2,0.00,0.00,0.00,0.00,0.00,0.00,0.00,1.0,95830.0,95350.0,0.0,63.4,0.0,0.0,0.000,0.000,633643.0,40193.0
2026-08-31T03:05:32,0.2,3867,1547349,1532340,0.2,0.00,0.00,0.00,0.00,0.00,0.00,0.00,1.0,95830.0,95350.0,0.0,63.4,0.0,0.0,0.000,0.000,632735.0,39165.0
2026-08-31T03:05:35,0.2,3866,1547349,1532341,0.2,0.00,0.00,0.00,0.00,0.00,0.00,0.00,1.0,95830.0,95350.0,0.0,63.4,0.0,0.0,0.000,0.000,632241.0,39410.0
2026-08-31T03:05:38,0.2,3867,1547349,1532341,0.2,0.00,0.00,0.00,0.00,0.00,0.00,0.00,1.0,95830.0,95350.0,0.0,63.4,0.0,0.0,0.000,0.000,632361.0,39164.0
2026-08-31T03:05:41,0.2,3867,1547349,1532340,0.2,0.00,0.00,0.00,0.00,0.00,0.00,0.00,1.0,95830.0,95350.0,0.0,63.3,0.0,0.0,0.000,0.000,631883.0,38552.0
2026-08-31T03:05:44,0.2,3868,1547349,1532339,0.2,0.00,0.00,0.00,0.00,0.00,0.00,0.00,1.0,95830.0,95350.0,0.0,63.4,0.0,0.0,0.000,0.000,631033.0,38165.0
2026-08-31T03:05:47,0.2,3868,1547349,1532340,0.2,0.00,0.00,0.00,0.00,0.00,0.00,0.00,1.0,95830.0,95350.0,0.0,63.4,0.0,0.0,0.000,0.000,631169.0,37686.0
2026-08-31T03:05:50,0.2,3868,1547349,1532340,0.2,0.00,0.00,0.00,0.00,0.00,0.00,0.00,1.0,95830.0,95350.0,0.0,63.4,0.0,0.0,0.000,0.000,630837.0,37687.0
2026-08-31T03:05:53,0.2,3868,1547349,1532340,0.2,0.00,0.00,0.00,0.00,0.00,0.00,0.00,1.0,95830.0,95350.0,0.0,63.4,0.0,0.0,0.000,0.000,650407.0,57510.0
2026-08-31T03:05:56,0.2,3868,1547349,1532339,0.2,0.00,0.00,0.00,0.00,0.00,0.00,0.00,1.0,95830.0,95350.0,0.0,63.4,0.0,0.0,0.000,0.000,630808.0,37513.0
2026-08-31T03:05:59,0.3,3871,1547349,1532336,0.3,0.00,0.00,0.00,0.00,0.00,0.00,0.00,1.0,95830.0,95350.0,0.0,63.4,0.0,0.0,0.000,0.000,629661.0,36628.0
2026-08-31T03:06:02,0.2,3872,1547349,1532335,0.3,0.00,0.00,0.00,0.00,0.00,0.00,0.00,1.0,95830.0,95350.0,0.0,63.4,0.0,0.0,0.000,0.000,629786.0,36770.0
2026-08-31T03:06:06,0.2,3873,1547349,1532335,0.3,0.00,0.00,0.00,0.00,0.00,0.00,0.00,1.0,95830.0,95350.0,0.0,63.3,0.0,0.0,0.000,0.000,630284.0,36994.0
2026-08-31T03:06:09,0.2,3873,1547349,1532334,0.3,0.00,0.00,0.00,0.00,0.00,0.00,0.00,1.0,95830.0,95350.0,0.0,63.4,0.0,0.0,0.000,0.000,629657.0,36628.0
2026-08-31T03:06:12,0.2,3871,1547349,1532337,0.3,0.00,0.00,0.00,0.00,0.00,0.00,0.00,1.0,95830.0,95350.0,0.0,63.4,0.0,0.0,0.000,0.000,660137.0,67519.0
2026-08-31T03:06:15,0.2,3870,1547349,1532337,0.3,0.00,0.00,3.00,40.00,0.00,0.00,0.00,1.0,95830.0,95350.0,0.0,63.4,0.0,0.0,0.000,0.000,610842.0,35817.0
2026-08-31T03:06:18,0.2,3869,1547349,1532338,0.3,0.00,0.00,0.00,0.00,0.00,0.00,0.00,1.0,95830.0,95350.0,0.0,63.4,0.0,0.0,0.000,0.000,646418.0,35519.0
2026-08-31T03:06:22,0.2,3869,1547349,1532339,0.3,0.00,0.00,0.00,0.00,0.00,0.00,0.00,1.0,95830.0,95350.0,0.0,63.4,0.0,0.0,0.000,0.000,628544.0,35944.0
2026-08-31T03:06:25,0.2,3869,1547349,1532339,0.3,0.00,0.00,0.00,0.00,0.00,0.00,0.00,1.0,95830.0,95350.0,0.0,63.4,0.0,0.0,0.000,0.000,639055.0,45704.0
2026-08-31T03:06:28,0.2,3869,1547349,1532338,0.3,0.00,0.00,0.00,0.00,0.00,0.00,0.00,1.0,95830.0,95350.0,0.0,63.4,0.0,0.0,0.000,0.000,632020.0,38629.0
2026-08-31T03:06:31,0.2,3869,1547349,1532338,0.3,0.00,0.00,0.00,0.00,0.00,0.00,0.00,1.0,95830.0,95350.0,0.0,63.4,0.0,0.0,0.000,0.000,632767.0,40149.0
2026-08-31T03:06:34,0.2,3870,1547349,1532338,0.3,0.00,0.00,4.00,0.00,0.00,0.00,0.00,1.0,95830.0,95350.0,0.0,63.4,0.0,0.0,0.000,0.000,636007.0,42067.0
2026-08-31T03:06:37,0.1,3869,1547349,1532338,0.3,0.00,0.00,0.00,0.00,0.00,0.00,0.00,1.0,95830.0,95350.0,0.0,63.4,0.0,0.0,0.000,0.000,632749.0,39454.0
2026-08-31T03:06:39,0.2,3868,1547349,1532339,0.2,0.00,0.00,0.00,0.00,0.00,0.00,0.00,1.0,95830.0,95350.0,0.0,63.4,0.0,0.0,0.000,0.000,632773.0,39964.0
2026-08-31T03:06:42,0.2,3868,1547349,1532340,0.2,0.00,0.00,0.00,0.00,0.00,0.00,0.00,1.0,95830.0,95350.0,0.0,63.4,0.0,0.0,0.000,0.000,620675.0,39452.0
2026-08-31T03:06:45,0.2,3869,1547349,1532338,0.3,0.00,0.00,0.00,0.00,0.00,0.00,0.00,1.0,95830.0,95350.0,0.0,63.4,0.0,0.0,0.000,0.000,643122.0,38034.0
2026-08-31T03:06:48,0.2,3868,1547349,1532339,0.2,0.00,0.00,0.00,0.00,0.00,0.00,0.00,1.0,95830.0,95350.0,0.0,63.4,0.0,0.0,0.000,0.000,632413.0,39780.0
2026-08-31T03:06:51,0.2,3869,1547349,1532339,0.3,0.00,0.00,0.00,0.00,0.00,0.00,0.00,1.0,95830.0,95350.0,0.0,63.4,0.0,0.0,0.000,0.000,616833.0,36805.0
2026-08-31T03:06:54,0.2,3869,1547349,1532338,0.3,0.00,0.00,0.00,0.00,0.00,0.00,0.00,1.0,95830.0,95350.0,0.0,63.4,0.0,0.0,0.000,0.000,647227.0,39523.0
2026-08-31T03:06:57,0.2,3869,1547349,1532338,0.3,0.00,0.00,0.00,0.00,0.00,0.00,0.00,1.0,95830.0,95350.0,0.0,63.4,0.0,0.0,0.000,0.000,630373.0,37649.0
2026-08-31T03:07:00,0.3,3873,1547349,1532334,0.3,0.00,0.00,0.00,0.00,0.00,0.00,0.00,1.0,95830.0,95350.0,0.0,63.4,0.0,0.0,0.000,0.000,616640.0,38032.0
2026-08-31T03:07:03,0.2,3874,1547349,1532334,0.3,0.00,0.00,0.00,0.00,0.00,0.00,0.00,1.0,95830.0,95350.0,0.0,63.4,0.0,0.0,0.000,0.000,645289.0,37643.0
2026-08-31T03:07:06,0.2,3875,1547349,1532333,0.3,0.00,0.00,2.00,0.00,0.00,0.00,0.00,1.0,95830.0,95350.0,0.0,63.4,0.0,0.0,0.000,0.000,628584.0,36108.0
2026-08-31T03:07:09,0.2,3871,1547349,1532336,0.3,0.00,0.00,0.00,0.00,0.00,0.00,0.00,1.0,95830.0,95350.0,0.0,63.4,0.0,0.0,0.000,0.000,629797.0,36303.0
2026-08-31T03:07:13,0.2,3872,1547349,1532336,0.3,0.00,0.00,4.00,20.00,0.00,0.00,0.00,1.0,95830.0,95350.0,0.0,63.4,0.0,0.0,0.000,0.000,629018.0,35980.0
2026-08-31T03:07:16,0.2,3871,1547349,1532336,0.3,0.00,0.00,0.00,0.00,0.00,0.00,0.00,1.0,95830.0,95350.0,0.0,63.4,0.0,0.0,0.000,0.000,628867.0,36268.0
2026-08-31T03:07:19,0.2,3872,1547349,1532335,0.3,0.00,0.00,0.00,0.00,0.00,0.00,0.00,1.0,95830.0,95350.0,0.0,63.4,0.0,0.0,0.000,0.000,630299.0,36790.0
2026-08-31T03:07:22,0.2,3872,1547349,1532336,0.3,0.00,0.00,0.00,0.00,0.00,0.00,0.00,1.0,95830.0,95350.0,0.0,63.4,0.0,0.0,0.000,0.000,628190.0,35362.0
2026-08-31T03:07:26,0.2,3873,1547349,1532335,0.3,0.00,0.00,0.00,0.00,0.00,0.00,0.00,1.0,95830.0,95350.0,0.0,63.4,0.0,0.0,0.000,0.000,628860.0,36267.0
2026-08-31T03:07:29,0.2,3873,1547349,1532335,0.3,0.00,0.00,1.00,50.00,0.00,0.00,0.00,1.0,95830.0,95350.0,0.0,63.4,0.0,0.0,0.000,0.000,629903.0,36472.0
2026-08-31T03:07:32,0.2,3874,1547349,1532333,0.3,0.00,0.00,0.00,0.00,0.00,0.00,0.00,1.0,95830.0,95350.0,0.0,63.4,0.0,0.0,0.000,0.000,631338.0,38766.0
2026-08-31T03:07:35,0.2,3877,1547349,1532330,0.3,0.00,0.00,2.00,0.00,0.00,0.00,0.00,1.0,95830.0,95350.0,0.0,63.4,0.0,0.0,0.000,0.000,634837.0,41105.0
2026-08-31T03:07:38,0.2,3878,1547349,1532330,0.3,0.00,0.00,0.00,0.00,0.00,0.00,0.00,1.0,95830.0,95350.0,0.0,63.4,0.0,0.0,0.000,0.000,632562.0,38987.0
2026-08-31T03:07:41,0.2,3878,1547349,1532330,0.3,0.00,0.00,2.00,33.33,0.00,0.00,0.00,1.0,95830.0,95350.0,0.0,63.4,0.0,0.0,0.000,0.000,636460.0,41905.0
2026-08-31T03:07:43,0.2,3878,1547349,1532329,0.3,0.00,0.00,0.00,0.00,0.00,0.00,0.00,1.0,95830.0,95350.0,0.0,63.4,0.0,0.0,0.000,0.000,630515.0,38511.0
2026-08-31T03:07:46,0.2,3881,1547349,1532327,0.3,0.00,0.00,2.00,0.00,0.00,0.00,0.00,1.0,95830.0,95350.0,0.0,63.4,0.0,0.0,0.000,0.000,631874.0,38206.0
2026-08-31T03:07:49,0.2,3882,1547349,1532326,0.3,0.00,0.00,0.00,0.00,0.00,0.00,0.00,1.0,95830.0,95350.0,0.0,63.4,0.0,0.0,0.000,0.000,631354.0,38379.0
2026-08-31T03:07:52,0.2,3885,1547349,1532322,0.3,0.00,0.00,2.00,0.00,0.00,0.00,0.00,1.0,95830.0,95350.0,0.0,63.4,0.0,0.0,0.000,0.000,630844.0,37992.0
2026-08-31T03:07:55,0.2,3887,1547349,1532320,0.3,0.00,0.00,0.00,0.00,0.00,0.00,0.00,1.0,95830.0,95350.0,0.0,63.4,0.0,0.0,0.000,0.000,631713.0,38034.0
2026-08-31T03:07:58,0.2,3890,1547349,1532318,0.3,0.00,0.00,2.00,0.00,0.00,0.00,0.00,1.0,95830.0,95350.0,0.0,63.4,0.0,0.0,0.000,0.000,630839.0,37860.0
2026-08-31T03:08:02,0.2,3896,1547349,1532311,0.3,0.00,0.00,0.00,0.00,0.00,0.00,0.00,1.0,95830.0,95350.0,0.0,63.4,0.0,0.0,0.000,0.000,629582.0,36935.0
2026-08-31T03:08:05,0.2,3899,1547349,1532309,0.3,0.00,0.00,1.00,0.00,0.00,0.00,0.00,1.0,95830.0,95350.0,0.0,63.4,0.0,0.0,0.000,0.000,629512.0,36305.0
2026-08-31T03:08:08,0.2,3901,1547349,1532307,0.3,0.00,0.00,0.00,0.00,0.00,0.00,0.00,1.0,95830.0,95350.0,0.0,63.4,0.0,0.0,0.000,0.000,628370.0,35781.0
2026-08-31T03:08:11,0.2,3897,1547349,1532310,0.3,0.00,0.00,0.00,0.00,0.00,0.00,0.00,1.0,95830.0,95350.0,0.0,63.4,0.0,0.0,0.000,0.000,628480.0,35203.0
2026-08-31T03:08:14,0.2,3899,1547349,1532309,0.3,0.00,0.00,5.00,16.67,0.00,0.00,0.00,1.0,95830.0,95350.0,0.0,63.4,0.0,0.0,0.000,0.000,630563.0,37308.0
2026-08-31T03:08:18,0.2,3900,1547349,1532307,0.3,0.00,0.00,0.00,0.00,0.00,0.00,0.00,1.0,95830.0,95350.0,0.0,63.4,0.0,0.0,0.000,0.000,630510.0,37820.0
2026-08-31T03:08:21,0.2,3904,1547349,1532304,0.3,0.00,0.00,1.00,50.00,0.00,0.00,0.00,1.0,95830.0,95350.0,0.0,63.4,0.0,0.0,0.000,0.000,624548.0,35046.0
2026-08-31T03:08:24,0.4,3905,1547349,1532302,0.3,0.00,0.00,0.00,0.00,0.00,0.00,0.00,1.0,95830.0,95350.0,0.0,63.4,0.0,0.0,0.000,0.000,632584.0,35833.0
2026-08-31T03:08:27,0.2,3907,1547349,1532301,0.3,0.00,0.00,0.00,0.00,0.00,0.00,0.00,1.0,95830.0,95350.0,0.0,63.4,0.0,0.0,0.000,0.000,637451.0,44688.0
2026-08-31T03:08:31,0.2,3906,1547349,1532301,0.3,0.00,0.00,0.00,0.00,0.00,0.00,0.00,1.0,95830.0,95350.0,0.0,63.4,0.0,0.0,0.000,0.000,631862.0,38205.0
2026-08-31T03:08:33,0.2,3907,1547349,1532300,0.3,0.00,0.00,0.00,0.00,0.00,0.00,0.00,1.0,95830.0,95350.0,0.0,63.4,0.0,0.0,0.000,0.000,631842.0,38808.0
2026-08-31T03:08:36,0.2,3908,1547349,1532300,0.3,0.00,0.00,0.00,0.00,0.00,0.00,0.00,1.0,95830.0,95350.0,0.0,63.4,0.0,0.0,0.000,0.000,632203.0,39408.0
2026-08-31T03:08:39,0.2,3907,1547349,1532300,0.3,0.00,0.00,0.00,0.00,0.00,0.00,0.00,1.0,95830.0,95350.0,0.0,63.4,0.0,0.0,0.000,0.000,632909.0,39165.0
2026-08-31T03:08:42,0.2,3908,1547349,1532299,0.3,0.00,0.00,0.00,0.00,0.00,0.00,0.00,1.0,95830.0,95350.0,0.0,63.4,0.0,0.0,0.000,0.000,632019.0,38808.0
2026-08-31T03:08:45,0.2,3909,1547349,1532299,0.3,0.00,0.00,0.00,0.00,0.00,0.00,0.00,1.0,95830.0,95350.0,0.0,63.4,0.0,0.0,0.000,0.000,630518.0,37820.0
2026-08-31T03:08:48,0.2,3908,1547349,1532299,0.3,0.00,0.00,0.00,0.00,0.00,0.00,0.00,1.0,95830.0,95350.0,0.0,63.4,0.0,0.0,0.000,0.000,632198.0,38377.0
2026-08-31T03:08:51,0.2,3910,1547349,1532298,0.3,0.00,0.00,0.00,0.00,0.00,0.00,0.00,1.0,95830.0,95350.0,0.0,63.4,0.0,0.0,0.000,0.000,630851.0,38034.0
2026-08-31T03:08:54,0.2,3910,1547349,1532298,0.3,0.00,0.00,2.00,0.00,0.00,0.00,0.00,1.0,95830.0,95350.0,0.0,63.4,0.0,0.0,0.000,0.000,629582.0,36768.0
2026-08-31T03:08:57,0.2,3911,1547349,1532297,0.3,0.00,0.00,0.00,0.00,0.00,0.00,0.00,1.0,95830.0,95350.0,0.0,63.4,0.0,0.0,0.000,0.000,631856.0,38205.0
2026-08-31T03:09:00,0.2,3917,1547349,1532291,0.3,0.00,0.00,0.00,0.00,0.00,0.00,0.00,1.0,95830.0,95350.0,0.0,63.4,0.0,0.0,0.000,0.000,631028.0,37861.0
2026-08-31T03:09:03,0.3,3965,1547349,1532243,0.3,0.00,0.00,0.00,0.00,0.00,0.00,0.00,4.0,95830.0,95347.0,0.0,63.4,0.0,0.0,0.000,0.000,641893.0,55582.0
2026-08-31T03:09:06,0.2,3966,1547349,1532241,0.3,0.00,0.00,0.00,0.00,0.00,0.00,0.00,4.0,95830.0,95347.0,0.0,63.4,0.0,0.0,0.000,0.000,631799.0,38893.0
2026-08-31T03:09:09,0.5,3969,1547349,1532238,0.3,0.00,0.00,0.00,0.00,0.00,0.00,0.00,4.0,95830.0,95347.0,0.0,63.4,0.0,0.0,0.000,0.000,668630.0,74642.0
2026-08-31T03:09:12,0.1,3969,1547349,1532239,0.3,0.00,0.00,0.00,0.00,0.00,0.00,0.00,4.0,95830.0,95347.0,0.0,63.4,0.0,0.0,0.000,0.000,630314.0,37808.0
2026-08-31T03:09:15,0.6,4086,1547349,1532112,0.3,0.00,0.00,0.00,0.00,0.00,0.00,0.00,746.0,95830.0,94606.0,0.0,63.4,0.0,0.0,0.000,0.000,631468.0,61884.0
2026-08-31T03:09:18,0.2,4090,1547349,1532107,0.3,0.00,0.00,0.00,0.00,0.00,0.00,0.00,746.0,95830.0,94606.0,0.0,63.4,0.0,0.0,0.000,0.000,655993.0,62905.0
2026-08-31T03:09:21,0.2,4094,1547349,1532103,0.3,0.00,0.00,2.00,0.00,0.00,0.00,0.00,746.0,95830.0,94606.0,0.0,63.4,0.0,0.0,0.000,0.000,630715.0,37994.0
2026-08-31T03:09:24,0.2,4096,1547349,1532101,0.3,0.00,0.00,0.00,0.00,0.00,0.00,0.00,746.0,95830.0,94606.0,0.0,63.4,0.0,0.0,0.000,0.000,652173.0,58669.0
2026-08-31T03:09:28,1.4,4097,1547349,1532101,0.3,0.00,0.00,0.00,0.00,0.00,0.00,0.00,746.0,95830.0,94606.0,0.0,63.4,0.0,0.0,0.000,0.000,628861.0,35971.0
2026-08-31T03:09:31,0.3,4100,1547349,1532097,0.3,0.00,0.00,0.00,0.00,0.00,0.00,0.00,746.0,95830.0,94606.0,0.0,63.4,0.0,0.0,0.000,0.000,629130.0,37261.0
2026-08-31T03:09:34,0.2,4102,1547349,1532095,0.3,0.00,0.00,0.00,0.00,0.00,0.00,0.00,746.0,95830.0,94606.0,0.0,63.4,0.0,0.0,0.000,0.000,636508.0,42287.0
2026-08-31T03:09:36,0.2,4103,1547349,1532094,0.3,0.00,0.00,0.00,0.00,0.00,0.00,0.00,746.0,95830.0,94606.0,0.0,63.4,0.0,0.0,0.000,0.000,632017.0,38808.0
2026-08-31T03:09:39,0.2,4105,1547349,1532093,0.3,0.00,0.00,0.00,0.00,0.00,0.00,0.00,746.0,95830.0,94606.0,0.0,63.4,0.0,0.0,0.000,0.000,632810.0,40628.0
2026-08-31T03:09:42,0.2,4104,1547349,1532093,0.3,0.00,0.00,0.00,0.00,0.00,0.00,0.00,746.0,95830.0,94606.0,0.0,63.4,0.0,0.0,0.000,0.000,641311.0,47570.0
2026-08-31T03:09:45,0.2,4105,1547349,1532092,0.3,0.00,0.00,0.00,0.00,0.00,0.00,0.00,746.0,95830.0,94606.0,0.0,63.4,0.0,0.0,0.000,0.000,651518.0,58302.0
2026-08-31T03:09:48,0.2,4106,1547349,1532092,0.3,0.00,0.00,0.00,0.00,0.00,0.00,0.00,746.0,95830.0,94606.0,0.0,63.4,0.0,0.0,0.000,0.000,637402.0,44661.0
2026-08-31T03:09:51,0.2,4106,1547349,1532092,0.3,0.00,0.00,0.00,0.00,0.00,0.00,0.00,746.0,95830.0,94606.0,0.0,63.4,0.0,0.0,0.000,0.000,632901.0,38986.0
2026-08-31T03:09:54,0.2,4205,1547349,1531992,0.3,0.00,0.00,0.00,0.00,0.00,0.00,0.00,746.0,95830.0,94606.0,0.0,63.4,0.0,0.0,0.000,0.000,632922.0,39823.0
2026-08-31T03:09:56,0.2,4207,1547349,1531990,0.3,0.00,0.00,0.00,0.00,0.00,0.00,0.00,1267.0,95830.0,94084.0,0.0,63.4,0.0,0.0,0.000,0.000,641013.0,67710.0
2026-08-31T03:09:59,0.2,4108,1547349,1531833,0.3,0.00,0.00,0.00,0.00,0.00,0.00,0.00,2350.0,95830.0,93002.0,0.0,63.4,0.0,0.0,0.000,0.000,631563.0,58584.0
2026-08-31T03:10:02,0.2,4108,1547349,1531833,0.3,0.00,0.00,0.00,0.00,0.00,0.00,0.00,2350.0,95830.0,93002.0,0.0,63.4,0.0,0.0,0.000,0.000,630657.0,37514.0
2026-08-31T03:10:07,1.6,4507,1547349,1531424,0.3,0.00,0.00,0.00,0.00,0.00,0.00,0.00,4146.0,95830.0,91206.0,22.0,63.4,0.0,0.0,0.000,0.000,617893.0,27410.0
2026-08-31T03:10:11,2.8,4550,1547349,1531381,0.3,0.00,0.00,0.00,0.00,0.00,0.00,0.00,4172.0,95830.0,91180.0,0.0,63.3,0.0,0.0,0.000,0.000,632423.0,38736.0
2026-08-31T03:10:14,0.3,4548,1547349,1531638,0.3,0.00,0.00,0.00,0.00,0.00,0.00,0.00,2546.0,95830.0,92806.0,0.0,63.4,0.0,0.0,0.000,0.000,632153.0,39341.0
